<?xml version="1.0" encoding="UTF-8"?>
<addon
  id="pvr.ztv"
  version="2.1.1"
  name="PVR ZTV Client"
  provider-name="ViPetroFF">
  <requires>
    <c-pluff version="0.1"/>
	<import addon="xbmc.pvr" version="5.2.1"/>
  </requires>
  <extension
    point="xbmc.pvrclient"
    library_windows="pvr.ztv.dll"/>
  <extension point="xbmc.addon.metadata">
	<summary>Kodi frontend for the Interzet IPTV service.</summary>
	<description>Kodi frontend. Supports streaming of Live TV and receiving EPG.</description>
    <disclaimer>This is beta version. Use at your own risk.</disclaimer>	
    <platform>windows</platform>
  </extension>
</addon>
